{ "user": [{"id": "fe5506bf-107a-445c-a6a5-18a144d2a42f","name": "Jessy Heaney","email": "Demetris50@gmail.com","slug": "Hic vel occaecati nulla."},{"id": "39901808-48b3-449d-9dad-222fa3a0a04d","name": "Karianne Johns","email": "Brannon.Hartmann@hotmail.com","slug": "Quia fuga voluptatem vero quis voluptatem nisi."},{"id": "a68495f3-2f5d-41f7-938e-03953400d0a4","name": "Hanna Pacocha","email": "Beaulah_Koelpin59@yahoo.com","slug": "Ut officiis tempora ut odit."},{"id": "a8318637-1ce0-4462-882c-4e3e75cad0a8","name": "Rene Runolfsdottir","email": "Billy_Swift30@yahoo.com","slug": "Sequi ut nobis ut dolor iusto non sint."},{"id": "cb6e1b59-2b09-410a-a3a2-d328da1e0a53","name": "Stevie Fay","email": "Aglae.Cassin@yahoo.com","slug": "Ex voluptas sapiente quibusdam quis quod."},{"id": "a5b3419f-1920-4540-a537-7b4b34b19b80","name": "Shane Murray","email": "Mikayla76@gmail.com","slug": "Laudantium aut et qui doloribus fugit velit."},{"id": "714865f5-edd1-4e82-a42c-6754a2dcb67c","name": "Theron Grant","email": "Allen81@gmail.com","slug": "Alias ut rerum rerum et sunt soluta tenetur."},{"id": "69d6b749-9e58-4e81-8c6b-6fae51b020ed","name": "Kaycee Rutherford","email": "Samson_Gutmann@hotmail.com","slug": "Deleniti magnam ipsum sed adipisci quo pariatur velit."},{"id": "39561a7f-da5b-449c-ad57-42cade1357f2","name": "Price Rice","email": "Murphy10@yahoo.com","slug": "Reiciendis non quibusdam expedita eveniet officia perferendis dolores."},{"id": "b5b0350c-8f39-4116-9abf-79a61c6dbebc","name": "Delphia Friesen","email": "Justine.Walsh@gmail.com","slug": "Ipsum labore cumque ipsum occaecati eveniet molestiae quibusdam assumenda aut."},{"id": "79a35fb7-74bb-4f88-924e-10fe1ab124e6","name": "Eliza McKenzie","email": "Monte_Carroll59@gmail.com","slug": "Nemo et perferendis eveniet occaecati nihil rem voluptatem."},{"id": "1e48ebf0-c6f5-43ef-bc03-e2ac79ac4e20","name": "Alicia Quitzon","email": "Vern.Rohan44@yahoo.com","slug": "Non blanditiis quia pariatur atque aperiam rem iusto sed dolorem."},{"id": "4cb58899-b11c-4773-9820-8728536bbba3","name": "Destiney Nienow","email": "Marquise55@hotmail.com","slug": "Illum laboriosam sapiente laborum aliquam ea nemo tempora."},{"id": "78157eab-283c-474c-a73f-cd121583a52f","name": "Flavio Walker","email": "Libbie.Green@yahoo.com","slug": "Et animi blanditiis."},{"id": "f970da2f-6467-44dc-8d96-c9067579f2c8","name": "Jany Batz","email": "Amiya.Hackett16@gmail.com","slug": "Optio ab sint ipsa nulla nisi cupiditate modi quo."},{"id": "c620f13d-97a1-4e96-b820-ec2235cc483d","name": "Narciso Fadel","email": "Rhett_Marvin94@gmail.com","slug": "Perferendis et sequi ex vitae."},{"id": "6c7ddfbb-32cf-4565-a508-244abceae63a","name": "Kristin Rutherford","email": "Annabelle_Brown@yahoo.com","slug": "Atque autem dolor magni officiis aut quisquam."},{"id": "4b0b7dd4-3e32-4ae0-ab9e-5d8030f256ce","name": "Kiley Vandervort","email": "Reina23@hotmail.com","slug": "Labore sit ut mollitia enim sed temporibus ducimus quisquam."},{"id": "709504ab-6ecf-4703-9094-f15a56bf8f67","name": "Theron Corwin","email": "Brian.Jenkins15@hotmail.com","slug": "Non quidem hic nesciunt ut est fugit ipsam officia."},{"id": "8d20a222-4c5a-43e7-983c-8ef42146dc19","name": "Domingo Bins","email": "Darryl.Adams@yahoo.com","slug": "Tenetur similique aspernatur nam sit cumque itaque omnis."},{"id": "f6c8c573-5def-48b7-80e7-6c7ea0e51aa9","name": "Marilou Runte","email": "Milford.Gerhold@hotmail.com","slug": "Blanditiis aut illo debitis dicta."},{"id": "74727c66-d6b2-4058-a406-66f6b50eeb6b","name": "Rowan Miller","email": "Everett.Abshire@gmail.com","slug": "Ut saepe vero unde iste libero."},{"id": "965eb1ae-ebc2-4120-a3f4-238f7f264358","name": "Dolly Glover","email": "Lilly_Medhurst34@yahoo.com","slug": "Delectus quos id nihil."},{"id": "a946dddf-abc3-4a22-aba9-8757dde910bf","name": "Cesar Gerhold","email": "Candido_Leannon73@yahoo.com","slug": "Mollitia ut voluptas."},{"id": "fc07f7f7-553f-466f-b179-1bddd7ac304d","name": "Drew Bednar","email": "Anita.Walter15@hotmail.com","slug": "Numquam earum porro quia dolore eum quaerat."},{"id": "c6074a05-9cdc-44ec-a2c9-b847bb7c7d39","name": "Marilou Hauck","email": "Brooks_Hickle64@hotmail.com","slug": "Dolorem dolorum dolorem magni suscipit tenetur quae autem repellendus."},{"id": "5e1631dd-6393-4cdb-9288-2332a8a728ef","name": "Tevin Donnelly","email": "Luella.Parisian@hotmail.com","slug": "Et impedit odio possimus delectus quasi molestiae."},{"id": "2df45ea8-3494-4611-b47c-95538a2e8331","name": "Yoshiko Trantow","email": "Antonina_Brakus5@yahoo.com","slug": "Odit molestiae corporis mollitia minima."},{"id": "420ffd8f-8b8c-40c9-bbf9-ad9038fc480a","name": "Aracely Johnston","email": "Sabryna98@yahoo.com","slug": "Unde et non quas quibusdam ut iure."},{"id": "b982a9bb-b2a0-4fb0-8670-55d0c04df1dd","name": "Alex Fritsch","email": "Alayna.Johnston59@yahoo.com","slug": "Reprehenderit maxime modi hic veniam."}],"mentor": [{"userId": "384fdfcb-a3e3-4795-a1cf-aa43811acec5","slug": "Aspernatur dolores maiores.","name": "Joel Collier","email": "Kaitlin_Crona@gmail.com","profileIntro": "Sint ex quo.","profileDescription": "Est esse perspiciatis cupiditate officiis neque dolor reprehenderit perspiciatis."},{"userId": "f18101a6-3e42-43e9-a4f7-c86786964337","slug": "Hic ab enim quis accusamus eius eos.","name": "Lonzo Funk","email": "Nicolette.Wehner4@hotmail.com","profileIntro": "Ad aut quod.","profileDescription": "Et amet possimus."},{"userId": "61fefabc-baf8-4168-bf36-cc7ff65b526a","slug": "Qui cum quae inventore consectetur nihil id sunt laudantium.","name": "Linwood Sporer","email": "Enrico24@gmail.com","profileIntro": "Et rem et ipsum consequatur eveniet aut autem distinctio commodi.","profileDescription": "Consequatur placeat harum impedit est cumque animi."},{"userId": "44ba67ce-520e-4131-96e7-530024e239bc","slug": "Laborum aut optio ut a recusandae occaecati saepe.","name": "Josiah Labadie","email": "Hal_Koelpin8@yahoo.com","profileIntro": "Aliquam deserunt incidunt est optio veritatis perferendis eos.","profileDescription": "Explicabo explicabo quam."},{"userId": "8ff8f93d-0719-4336-a772-f38e80fc508d","slug": "Voluptatem doloribus dolor voluptatem nam quo.","name": "Angelica Gutmann","email": "Brisa_Fay50@yahoo.com","profileIntro": "Nemo sed quibusdam quo et cumque.","profileDescription": "Unde ipsum voluptatem perferendis qui porro dolor voluptatem."},{"userId": "46c776e5-665c-49d1-bcb9-9b1730a24c18","slug": "Voluptatem voluptatem doloribus ratione blanditiis tempora officia repudiandae adipisci minus.","name": "Douglas Osinski","email": "Rubye50@yahoo.com","profileIntro": "Magnam aut voluptatem.","profileDescription": "Repellat consequuntur quaerat architecto harum voluptatem."},{"userId": "1ee32b9a-08dd-48dd-a825-1c6eb64e9950","slug": "Nulla eius animi ratione.","name": "Zoila West","email": "Deangelo_Bailey21@yahoo.com","profileIntro": "Aliquid commodi at vel et perspiciatis exercitationem cumque porro earum.","profileDescription": "Sit dolorem nisi suscipit dignissimos corporis impedit est molestiae."},{"userId": "fcc54232-8010-4918-94fc-891133aefcc2","slug": "Qui ut facilis libero modi debitis voluptate dolorem.","name": "Derek Runolfsson","email": "Ralph92@gmail.com","profileIntro": "Aut et omnis.","profileDescription": "At consequatur odit nostrum quia voluptate ut."},{"userId": "5f4488ce-d9a9-4f4c-9bb2-78d63f22996d","slug": "Eum qui quasi rerum aut voluptatem quia ea et.","name": "Ansley Weber","email": "Mariane_Heller73@gmail.com","profileIntro": "Magni ea tempore architecto beatae dolores.","profileDescription": "Dolorem quia praesentium est suscipit distinctio."},{"userId": "76f47ada-d714-4bb5-ad9a-f363f03f95cd","slug": "Quia facilis alias ducimus sed et enim.","name": "Devonte Medhurst","email": "Emerson_Koch@gmail.com","profileIntro": "Fugiat perferendis est illo sit magni unde blanditiis eius ipsam.","profileDescription": "Est saepe quas ab neque."},{"userId": "0c6578f4-0a78-431c-ac90-192abd007f49","slug": "Vel quo autem fugit.","name": "Janiya Goodwin","email": "Lee.Doyle75@hotmail.com","profileIntro": "Ut voluptatem aut et nihil ea voluptate mollitia itaque autem.","profileDescription": "Quos cumque vero eos ab fuga aliquam eum."},{"userId": "c2cc1a53-b02b-4df3-8051-6bf99cb77d22","slug": "Sed consequuntur minima.","name": "Kadin Huel","email": "Emmet_Runolfsson84@yahoo.com","profileIntro": "Et sequi perferendis.","profileDescription": "Recusandae non aspernatur quo libero deleniti et."},{"userId": "b2caaa8e-4cfd-4c3a-9fe9-df9ab8f1a6d4","slug": "Accusamus consectetur ut.","name": "Alaina Maggio","email": "Mattie88@yahoo.com","profileIntro": "Iure deserunt voluptatem dolorem quia.","profileDescription": "Quaerat ab ut nihil."},{"userId": "a174a775-4124-4d62-ac2b-050fc6ba3317","slug": "Labore eos est error totam facere praesentium ea molestiae quod.","name": "Ciara Brakus","email": "Fleta.Collier@yahoo.com","profileIntro": "Animi libero non quisquam nostrum ratione modi aspernatur cum laudantium.","profileDescription": "Qui laborum aut et nihil vel."},{"userId": "08063ac4-4c09-4fde-ba5f-4b8b08e9cca7","slug": "Atque ducimus sunt vero consectetur quo ea sit nisi aliquam.","name": "Tyra Schulist","email": "Audrey7@hotmail.com","profileIntro": "Culpa consectetur facere laborum.","profileDescription": "Vitae voluptatibus ad distinctio eos non voluptatem consequuntur eaque et."},{"userId": "b7034b32-c01e-4d0a-be0e-779db1daf662","slug": "Suscipit quo similique in deserunt animi culpa est exercitationem deleniti.","name": "Helen Thiel","email": "Caden.Marquardt@hotmail.com","profileIntro": "Quas officia aut expedita reprehenderit alias eos similique.","profileDescription": "Voluptas mollitia dolores praesentium et dolorem cupiditate."},{"userId": "e34b6e8d-520b-4ba5-ade4-56a35b03627b","slug": "Est quidem vitae qui quibusdam qui et dolor a eos.","name": "Vinnie Schaefer","email": "Elizabeth0@yahoo.com","profileIntro": "Unde tenetur est velit ut neque ex.","profileDescription": "Deleniti fugiat nobis qui."},{"userId": "275b8cac-de57-4bf9-aa93-de93286184ff","slug": "Ullam nemo incidunt.","name": "Krista Langworth","email": "Makenzie34@yahoo.com","profileIntro": "Labore qui corporis aperiam impedit nam ratione.","profileDescription": "Magnam enim quisquam perferendis vitae aut officia."},{"userId": "efc557f2-3706-4eb3-adbf-cc3829e3580b","slug": "Voluptatum quas a alias voluptas.","name": "Niko Stroman","email": "Orval_Leannon@hotmail.com","profileIntro": "Ut quibusdam aperiam et quae doloribus possimus debitis sapiente.","profileDescription": "Ratione quia consequatur adipisci dolore ducimus pariatur non."},{"userId": "54e0a5ab-1eeb-4d47-8492-4474e65e39f1","slug": "Laudantium voluptas eius.","name": "Coty Mayert","email": "Natasha_Anderson@gmail.com","profileIntro": "Sit aperiam doloremque nam velit et nostrum rem soluta.","profileDescription": "Reprehenderit cum soluta tempore architecto omnis eligendi."},{"userId": "a6fd3343-e2fb-40ab-9ee0-2bb216092783","slug": "Nobis molestias reprehenderit nobis ut voluptas repudiandae laudantium.","name": "Cecilia Kling","email": "Lyla.Daugherty91@gmail.com","profileIntro": "Qui dignissimos quisquam recusandae.","profileDescription": "Aut dolor veritatis laudantium harum quasi."},{"userId": "08c0b0ef-eec7-4c5c-82a0-08ff8547786f","slug": "Facere adipisci blanditiis adipisci est exercitationem qui.","name": "Bridgette Kilback","email": "Enrique_Dickens0@gmail.com","profileIntro": "Eius molestiae explicabo vero occaecati.","profileDescription": "Ut soluta sunt laboriosam."},{"userId": "1efd129c-3212-4ddb-a89d-233e5303de94","slug": "Perspiciatis quisquam vitae sed libero ab ut error hic dolorem.","name": "Robin Bednar","email": "Alek70@gmail.com","profileIntro": "Voluptate nihil aut aut vel qui exercitationem.","profileDescription": "Ducimus placeat in harum et."},{"userId": "795ca53b-f6d3-4eaa-b778-ff6f0465bb6a","slug": "Qui totam sunt temporibus voluptatum hic esse autem eligendi hic.","name": "Liam Carter","email": "Betsy_Vandervort49@yahoo.com","profileIntro": "Voluptatum officiis quasi repellat cumque qui.","profileDescription": "Expedita aliquid sit eos."},{"userId": "de1e55e4-0e3c-4fea-bce3-d5c07e1c5ceb","slug": "Voluptas dolore itaque quia amet officia.","name": "June Quigley","email": "Francisco_Gerhold39@yahoo.com","profileIntro": "Porro rerum sequi.","profileDescription": "Quia consequatur autem dolor recusandae omnis sit cupiditate accusamus sequi."},{"userId": "6d2ac230-685e-46cf-b63e-c5b367cc04ef","slug": "Id impedit vel voluptatem aut quas ducimus.","name": "Wilfredo Corwin","email": "Abe_Kshlerin@gmail.com","profileIntro": "Cupiditate corporis rem dicta.","profileDescription": "Aperiam deserunt eligendi sunt."},{"userId": "522e657d-7206-4a5e-9152-f4b793ae9c60","slug": "Molestiae et nulla alias necessitatibus omnis qui.","name": "Andre Kohler","email": "Francesca.Balistreri@yahoo.com","profileIntro": "Molestias quidem molestiae molestiae nisi.","profileDescription": "Autem cum ullam necessitatibus minima laboriosam vitae praesentium."},{"userId": "8f9185eb-d186-45a1-8e17-33b4cae6233b","slug": "Ad sapiente ipsam temporibus blanditiis id.","name": "Blair Gislason","email": "Trycia_Kshlerin@yahoo.com","profileIntro": "Unde dolores impedit sit placeat sed a.","profileDescription": "Laboriosam sed rerum consequatur eius."},{"userId": "d4a2052f-9b1e-4274-a909-fa758580c056","slug": "Soluta maxime rem molestiae aperiam.","name": "Hadley Torphy","email": "Rossie2@gmail.com","profileIntro": "Sit odit soluta alias dolorum mollitia.","profileDescription": "Eum debitis facilis commodi necessitatibus animi sequi iusto."},{"userId": "65c89069-e29c-4f35-95aa-b4c348299ea3","slug": "Ipsam omnis et.","name": "Presley Batz","email": "Kevon86@yahoo.com","profileIntro": "Nesciunt facilis qui expedita.","profileDescription": "Minus cumque ipsum facilis neque."}]}